node_id,name,in_degree,out_degree,degree
Abomination_(character),Abomination (character),5,8,9
Adam_Warlock,Adam Warlock,8,22,25
Agent_X_(Marvel_Comics),Agent X (Marvel Comics),4,3,5
Ajak,Ajak,1,4,4
Alex_Wilder,Alex Wilder,1,1,2
Anne_Weying,She-Venom (Patricia Robertson),3,4,5
Anole_(character),Anole (character),6,6,8
Anya_Corazon,Anya Corazon,10,12,16
Arabian_Knight_(character),Arabian Knight (character),5,8,10
Ares_(Marvel_Comics),Ares (Marvel Comics),5,7,9
Backhand_(character),Backhand (character),2,1,2
Balder_the_Brave,Balder the Brave,3,2,3
Battlestar_(character),Battlestar (character),3,2,3
Baymax,Baymax,0,0,0
Beta_Ray_Bill,Beta Ray Bill,2,5,7
Betsy_Braddock,Betsy Braddock,7,28,28
Bill_Foster_(character),Bill Foster (character),9,12,17
Bird-Brain_(Marvel_Comics),Bird-Brain (Marvel Comics),0,0,0
Black_Bolt,Black Bolt,13,9,18
Black_Cat_(Marvel_Comics),Black Cat (Marvel Comics),21,14,28
Black_Fox_(Robert_Paine),Black Fox (Robert Paine),0,0,0
Black_Jack_Tarr,Black Jack Tarr,1,1,1
Black_Knight_(Marvel_Comics),Black Knight (Marvel Comics),4,3,7
Black_Marvel,Black Marvel,5,2,6
Black_Panther_(character),Black Panther (character),27,11,31
Black_Rider_(character),Black Rider (character),1,4,4
Black_Widow_(Natasha_Romanova),Black Widow (Natasha Romanova),22,7,25
Blackthorn_(character),Blackthorn (character),2,1,2
Blackwulf,Blackwulf,0,2,2
Blade_(character),Blade (character),17,12,22
Blazing_Skull,Blazing Skull,3,8,8
Blue_Bullet,Blue Bullet,2,2,3
Blue_Diamond_(character),Blue Diamond (character),1,9,9
Blue_Eagle_(character),Blue Eagle (character),0,1,1
Blue_Marvel,Blue Marvel,2,4,5
"Bob,_Agent_of_Hydra","Bob, Agent of Hydra",2,7,7
Box_(comics),Box (comics),1,2,3
Brain_Drain_(character),Brain Drain (character),0,0,0
Breeze_Barton,Breeze Barton,0,0,0
Brian_Braddock,Brian Braddock,1,11,11
Bucky_(Marvel_Comics),Bucky (Marvel Comics),9,9,12
Bug_(Marvel_Comics),Bug (Marvel Comics),1,4,4
Cable_(character),Cable (character),21,11,24
Cammi_(character),Cammi (character),2,3,4
Captain_Marvel_(Khn'nr),Captain Marvel (Khn'nr),3,2,3
Captain_Marvel_(Marvel_Comics),Captain Marvel (Marvel Comics),9,14,17
Captain_Midlands,Captain Midlands,0,0,0
Captain_Ultra,Captain Ultra,0,1,1
Captain_Universe,Captain Universe,6,14,17
Caretaker_(comics),Caretaker (comics),2,3,3
Ch'od,Ch'od,4,3,6
Charcoal_(comics),Charcoal (comics),0,0,0
Chase_Stein,Chase Stein,4,4,6
Citizen_V,Citizen V,2,1,3
Cloak_and_Dagger_(characters),Cloak and Dagger (characters),11,24,28
Coldblood,Coldblood,0,2,2
Crane_Mother,Crane Mother,1,3,3
Crippler_(character),Crippler (character),0,4,4
Cyclops_(Marvel_Comics),Cyclops (Marvel Comics),26,11,26
Dargo_Ktor,Dargo Ktor,0,2,2
Darkdevil,Darkdevil,1,4,4
Darkhawk,Darkhawk,8,11,15
Deadpool,Deadpool,33,19,41
Deathlok,Deathlok,17,5,20
Debrii,Debrii,1,5,5
Delroy_Garrett,Delroy Garrett,5,3,7
Detroit_Steel,Detroit Steel,0,1,1
Devil_Dinosaur,Devil Dinosaur,4,8,12
Devil_Hulk,Devil Hulk,1,2,2
Digitek_(character),Digitek (character),0,1,1
Doctor_Druid,Doctor Druid,5,4,9
Doctor_Nemesis,Doctor Nemesis,7,9,15
Doctor_Spectrum,Alice Nugent,2,6,7
Doctor_Strange,Doctor Strange,50,17,57
Dogpool,Dogpool,0,1,1
Doom_2099,Doom 2099,1,9,9
Dragon_Lord_(character),Dragon Lord (character),1,1,2
Dusk_(comics),Dusk (comics),2,6,6
Eddie_Brock,Eddie Brock,11,16,22
Elsa_Bloodstone,Elsa Bloodstone,5,12,15
Emma_Frost,Emma Frost,21,17,27
Empath_(character),Empath (character),4,3,5
Emrys_Killebrew,Emrys Killebrew,0,2,2
Enigma_(Marvel_Comics),Enigma (Marvel Comics),0,1,1
Ethan_Edwards,Ethan Edwards,0,1,1
Fabio_Medina,Fabio Medina,0,3,3
Fandral,Fandral,1,2,2
Father_Time_(Marvel_Comics),Father Time (Marvel Comics),0,0,0
Fin_Fang_Foom,Fin Fang Foom,5,2,7
Firebird_(Marvel_Comics),Firebird (Marvel Comics),2,12,13
Firelord_(character),Firelord (character),2,1,2
Flatman_(character),Flatman (character),1,3,3
Force_(comics),Force (comics),1,1,1
Frankenstein's_Monster_(Marvel_Comics),Frankenstein's Monster (Marvel Comics),2,11,11
Franklin_Richards_(character),Franklin Richards (character),13,3,14
Frog-Man,Frog-Man,2,6,6
G._W._Bridge,G. W. Bridge,1,2,3
Gargoyle_(comics),Gargoyle (comics),5,5,8
Garrison_Kane,Garrison Kane,1,6,7
Gauntlet_(Joseph_Green),Gauntlet (Joseph Green),3,3,6
Genis-Vell,Genis-Vell,7,3,8
Ghost_Rider,Ghost Rider,13,15,22
Ghost_Rider_(Danny_Ketch),Ghost Rider (Danny Ketch),7,7,10
Ghost_Rider_(Johnny_Blaze),Ghost Rider (Johnny Blaze),10,8,15
Gladiator_(Kallark),Gladiator (Kallark),6,6,10
Golem_(Marvel_Comics),Golem (Marvel Comics),1,3,3
Gorgon_(Inhuman),Gorgon (Inhuman),5,1,5
Gremlin_(comics),Gremlin (comics),0,4,4
Guardian_(Marvel_Comics),Guardian (Marvel Comics),6,4,7
Guardsman_(character),Guardsman (character),4,7,8
Gwenpool,Gwenpool,6,15,15
Hank_Pym,Hank Pym,24,8,27
Happy_Sam_Sawyer,Happy Sam Sawyer,0,0,0
Hawkeye_(comics),Hawkeye (comics),0,3,3
Helix_(Marvel_Comics),Helix (Marvel Comics),0,1,1
Hellfire_(J._T._Slade),Hellfire (J. T. Slade),0,0,0
Hellion_(character),Hellion (character),4,11,12
Hercules_(Marvel_Comics),Hercules (Marvel Comics),19,17,26
Hit-Monkey,Hit-Monkey,1,3,4
Hornet_(comics),Hornet (comics),4,4,6
Hrimhari,Hrimhari,1,1,2
Hulk,Hulk,64,10,65
Hulk_2099,Hulk 2099,2,2,4
Hulkling,Hulkling,5,9,11
Human_Fly_(character),Human Fly (character),0,5,5
Human_Torch,Human Torch,17,5,18
Human_Torch_(android),Human Torch (android),14,9,17
Hybrid_(Scott_Washington),Hybrid (Scott Washington),2,5,5
Hyperion_(character),Hyperion (character),7,6,10
Ikaris,Ikaris,2,3,5
Illuminator_(Marvel_Comics),Illuminator (Marvel Comics),0,0,0
Inferno_(Dante_Pertuz),Inferno (Dante Pertuz),0,3,3
Iron_Fist_(character),Iron Fist (character),21,16,26
Iron_Lad,Iron Lad,2,4,6
Iron_Man_(Ultimate_Marvel_character),Iron Man (Ultimate Marvel character),1,5,5
Iron_Man_2020,Iron Man 2020,4,3,6
Isaiah_Bradley,Isaiah Bradley,0,7,7
Jack_Frost_(Marvel_Comics),Jack Frost (Marvel Comics),1,7,7
Jack_Monroe_(character),Jack Monroe (character),3,4,4
Janice_Lincoln,Janice Lincoln,1,4,5
Jean_Grey,Jean Grey,23,12,24
Jean_Grey_(X-Men_film_series),Jean Grey (X-Men film series),1,5,5
Jeffrey_Mace,Jeffrey Mace,7,1,8
Jericho_Drumm,Jericho Drumm,13,7,15
Jessica_Jones,Jessica Jones,8,14,18
John_Jameson_(character),John Jameson (character),9,7,14
Jubilee_(character),Jubilee (character),10,10,15
Junior_Juniper,Junior Juniper,0,2,2
Justice_(New_Universe),Justice (New Universe),2,5,6
Karnak_(character),Karnak (character),4,7,10
Kid_Colt,Kid Colt,3,2,4
Killpower,Killpower,2,2,3
Killraven,Killraven,2,5,7
Kismet_(Marvel_Comics),Kismet (Marvel Comics),3,9,9
Korvus,Korvus,3,4,4
Kristoff_Vernard,Kristoff Vernard,4,4,8
Leech_(character),Leech (character),2,4,6
Lei_Kung_(character),Lei Kung (character),3,3,4
Living_Lightning,Living Lightning,3,5,6
Luke_Cage,Luke Cage,25,9,28
Machine_Man,Machine Man,6,12,14
Magician_(Marvel_Comics),Magician (Marvel Comics),1,3,3
Mahr_Vehl,Mahr Vehl,0,1,1
Makkari_(character),Makkari (character),5,1,6
Man-Thing,Man-Thing,15,12,20
Mania_(character),Mania (character),1,7,7
Mark_Hazzard:_Merc,Mark Hazzard: Merc,0,1,1
Marvel_Boy_(Robert_Grayson),Marvel Boy (Robert Grayson),2,2,3
Mayday_Parker,Mayday Parker,14,14,18
Miracleman_(character),Miracleman (character),0,0,0
Misty_Knight,Misty Knight,15,13,21
Mockingbird_(Marvel_Comics),Mockingbird (Marvel Comics),13,11,21
Moon_Knight,Moon Knight,22,14,27
Moondragon,Moondragon,11,7,15
Moonglow_(comics),Moonglow (comics),0,1,1
Morbius,Morbius,9,16,19
Motormouth_(comics),Motormouth (comics),1,4,4
Ms._Marvel,Ms. Marvel,11,1,11
NFL_SuperPro,Phil Grayfield,0,1,1
Nightmask,Nightmask,5,3,5
Nightwatch_(character),Nightwatch (character),1,3,4
Noh-Varr,Noh-Varr,4,18,18
Nomad_(Marvel_Comics),Nomad (Marvel Comics),5,4,6
Northstar_(character),Northstar (character),4,14,17
Nova_(Richard_Rider),Nova (Richard Rider),16,11,21
Ogre_(Marvel_Comics),Ogre (Marvel Comics),0,0,0
Outlaw_(Marvel_Comics),Outlaw (Marvel Comics),6,5,9
Oya_(comics),Oya (comics),0,3,3
Paladin_(comics),Paladin (comics),5,10,13
Patsy_Walker,Patsy Walker,7,10,13
Peggy_Carter,Peggy Carter,3,0,3
Phil_Urich,Phil Urich,5,3,5
Phoenix_Force,Phoenix (Guardians of the Galaxy),24,17,32
Phyla-Vell,Phyla-Vell,7,8,9
Power_Man_(Victor_Alvarez),Power Man (Victor Alvarez),2,4,4
Powerhouse_(Marvel_Comics),Powerhouse (Marvel Comics),1,4,4
Puck_(Marvel_Comics),Puck (Marvel Comics),5,8,9
Quasar_(character),Quasar (character),24,3,24
Quicksilver_(Marvel_Comics),Quicksilver (Marvel Comics),10,10,15
Rachel_Summers,Rachel Summers,16,19,24
Radian_(Morituri),Radian (Morituri),4,6,6
Radioactive_Man_(comics),Radioactive Man (comics),4,8,11
Ravage_2099,Ravage 2099,3,2,4
Raza_Longknife,Raza Longknife,2,5,5
Red_Guardian,Red Guardian,5,5,8
Red_Raven_(Marvel_Comics),Red Raven (Dania),2,3,5
Red_Wolf_(comics),Red Wolf (comics),1,9,9
Redneck_(comics),Redneck (comics),0,1,1
Ricochet_(comics),Ricochet (comics),2,4,6
Rikki_Barnes,Rikki Barnes,3,6,6
Robbie_Baldwin,Robbie Baldwin,6,13,15
Rocket_Raccoon,Rocket Raccoon,10,8,16
Rockman_(character),Rockman (character),0,2,2
Rockslide_(character),Rockslide (character),3,6,7
Rom_the_Space_Knight,Rom the Space Knight,8,8,15
Ronin_(Marvel_Comics),Ronin (Marvel Comics),4,5,7
Ruby_Summers,Ruby Summers,0,2,2
Rusty_Collins,Rusty Collins,2,3,4
Sabra_(character),Sabra (character),3,9,10
Satana_(Marvel_Comics),Satana (Marvel Comics),4,7,10
Scaredycat,Scaredycat,3,3,3
Scarlet_Scarab,Scarlet Scarab,0,2,2
Scarlet_Spider,Scarlet Spider,8,3,8
Scarlet_Witch,Scarlet Witch,28,14,32
Scatterbrain_(Morituri),Scatterbrain (Morituri),2,2,2
Scorpio_(Marvel_Comics),Scorpio (Marvel Comics),0,2,2
Sean_and_Chris,Sean and Chris,0,0,0
Sentry_(Robert_Reynolds),Sentry (Robert Reynolds),9,6,12
Shamrock_(comics),Shamrock (comics),0,8,8
Shang-Chi,Shang-Chi,13,11,18
Shatterstar,Shatterstar,3,3,5
She-Hulk,She-Hulk,29,20,37
She-Hulk_(Lyra),She-Hulk (Lyra),2,6,6
Shear_(character),Shear (character),1,2,2
Shuri_(character),Shuri (character),3,9,10
Silencer_(comics),Silencer (comics),0,2,2
Silhouette_(comics),Silhouette (comics),0,2,2
Silk_(character),Silk (character),10,4,12
Skull_the_Slayer,Skull the Slayer,1,3,3
Snapdragon_(Morituri),Snapdragon (Morituri),2,3,3
Solarman,Solarman,0,0,0
Solo_(Marvel_Comics),Solo (Marvel Comics),1,12,13
Solomon_Kane_(comics),Solomon Kane (comics),0,1,1
Speed_(character),Speed (character),3,6,7
Spider-Bitch_(Ashley_Barton),Spider-Bitch (Ashley Barton),2,15,16
Spider-Girl,Spider-Girl,5,12,14
Spider-Man,Spider-Man,106,9,106
Spider-Man_(Marvel_Mangaverse),Spider-Man (Marvel Mangaverse),0,3,3
Spider-Man_Noir,Spider-Man Noir,7,5,9
Spider-UK,Spider-UK,2,8,8
Spider-Woman,Spider-Woman,10,12,17
Spider-Woman_(Gwen_Stacy),Spider-Woman (Gwen Stacy),12,14,18
Spider-Woman_(Jessica_Drew),Spider-Woman (Jessica Drew),16,11,22
Spitfire_(character),Spitfire (character),5,5,6
Star_Brand,Star Brand,8,11,16
Star-Lord,Star-Lord,12,10,17
Starhawk_(character),Starhawk (character),2,5,6
Starr_the_Slayer,Starr the Slayer,2,3,3
Steel_Spider,Steel Spider,2,3,4
Stingray_(Marvel_Comics),Stingray (Marvel Comics),1,7,8
Storm_(Marvel_Comics),Storm (Marvel Comics),20,16,27
Straw_Man_(comics),Straw Man (comics),0,2,2
Super_Rabbit,Super Rabbit,0,0,0
Surge_(Marvel_Comics),Surge (Marvel Comics),3,2,5
Synapse_(character),Synapse (character),2,0,2
Tarantula_(Marvel_Comics),Tarantula (Marvel Comics),6,9,13
The_Union_(Marvel),The Union (Marvel),2,2,2
The_Witness_(character),The Witness (character),1,0,1
Thena,Thena,2,1,3
Thin_Man_(character),Thin Man (character),3,1,4
Thor_Girl,Thor Girl,3,2,4
Thunderbolt_(Marvel_Comics),Thunderbolt (Marvel Comics),0,2,2
Thunderclap_(comics),Thunderclap (comics),0,1,1
Timeslip_(comics),Timeslip (comics),1,2,2
Toro_(character),Toro (character),4,4,7
Toxyn,Toxyn,3,2,3
Turbo_(comics),Turbo (comics),3,3,5
Two-Gun_Kid,Two-Gun Kid,4,4,6
Typeface_(character),Typeface (character),1,3,4
U.S._Agent,U.S. Agent,6,20,21
Ulysses_Bloodstone,Ulysses Bloodstone,2,1,3
Union_Jack_(Joseph_Chapman),Union Jack (Joseph Chapman),6,6,7
Union_Jack_(Marvel_Comics),Union Jack (Marvel Comics),8,5,8
Ursa_Major_(character),Ursa Major (character),0,4,4
Vance_Astrovik,Vance Astrovik,5,8,11
Venom_(character),Venom (character),17,21,29
Vindicator_(comics),Vindicator (comics),5,4,6
Vulcan_(Marvel_Comics),Vulcan (Marvel Comics),9,8,11
Vyking,Vyking,3,2,3
War_Machine,War Machine,12,4,16
Werewolf_by_Night,Werewolf by Night,7,13,15
White_Tiger_(Heroes_for_Hire),White Tiger (Heroes for Hire),1,3,3
White_Tiger_(comics),White Tiger (comics),2,5,5
Whizzer_(Robert_Frank),Whizzer (Robert Frank),6,6,8
Wild_Child_(character),Wild Child (character),0,3,3
Will_o'_the_Wisp_(comics),Will o' the Wisp (comics),1,2,3
William_Burnside_(character),William Burnside (character),3,4,5
Wolverine_(Ultimate_Marvel_character),Wolverine (Ultimate Marvel character),6,8,11
Wolverine_(character),Wolverine (character),60,17,63
Xorn,Xorn,4,8,9
Yelena_Belova,Yelena Belova,2,6,7
Yo-Yo_Rodriguez,Yo-Yo Rodriguez,0,0,0
Zombie_(comics),Zombie (comics),0,4,4
